Normal,Record,Replay
3.002270,5.372460,20.259621
