Normal,Record,Replay
3.001880,5.084313,35.107634
