Normal,Record,Replay
3.001912,5.123711,156.257680
