Normal,Record,Replay
3.002434,5.281518,8.234206
