Normal,Record,Replay
3.001909,5.353940,8.073685
