Normal,Record,Replay
3.006866,6.986555,310.980177
