Normal,Record,Replay
3.006204,5.825194,80.424459
