Normal,Record,Replay
3.001829,5.116930,268.405854
