Normal,Record,Replay
3.005088,6.470016,157.789642
