Normal,Record,Replay
3.002034,5.076998,20.087957
