Normal,Record,Replay
3.002421,5.574017,35.311139
