Normal,Record,Replay
3.001979,5.104830,80.162615
