Normal,Record,Replay
5.001907,7.110765,5.073641
