Normal,Record,Replay
10.001791,12.079776,5.069707
