Normal,Record,Replay
5.001468,7.074734,5.067243
