Normal,Record,Replay
5.001885,7.073850,5.071742
