Normal,Record,Replay
10.001739,12.095009,5.070960
