Normal,Record,Replay
10.005045,12.072369,5.067710
