Normal,Record,Replay
5.001985,7.089905,5.073558
