Normal,Record,Replay
5.001601,7.081327,5.069029
