Normal,Record,Replay
10.001814,12.074176,5.069346
