Normal,Record,Replay
10.001667,12.075095,5.069578
