Normal,Record,Replay
5.001672,7.074932,5.067300
