Normal,Record,Replay
10.002075,12.117267,5.073058
