Normal,Record,Replay,Fast_Replay
3.002689,5.125744,20.110690,2.080668
