Normal,Record,Replay,Fast_Replay
3.002680,31.804446,193.365328,2.102572
