Normal,Record,Replay,Fast_Replay
3.002642,5.097350,8.088723,2.079338
