Normal,Record,Replay,Fast_Replay
3.002663,5.155308,35.139648,2.095083
