Normal,Record,Replay,Fast_Replay
3.002869,5.998278,80.194984,2.084354
