Normal,Record,Replay,Fast_Replay
3.002661,7.098946,87.205594,2.085141
