Filename,NumProps,BuildTime,LoadTime,CheckTime
./sample1.prop,1,0.082753,0.000973,0.000011
./sample2.prop,2,0.183082,0.001150,0.000023
./sample5.prop,5,0.450529,0.003093,0.000069
./sample10.prop,10,0.897496,0.005431,0.000117
