Normal,Record,Replay
3.002088,5.081811,8.075202
3.005555,5.082871,8.074829
3.005657,5.080796,8.076139
3.005694,5.099160,8.075354
3.005918,5.081775,8.076786
3.005813,5.081778,8.075430
3.005674,5.104577,8.076600
3.005872,5.105461,8.075104
3.005849,5.108390,8.076120
3.005721,5.081847,8.076625
