Normal,Record,Replay
10.002031,12.120960,155.272360
10.005490,12.112542,155.268611
10.005480,12.084769,155.271463
10.005666,12.109250,155.274338
10.005401,12.107992,155.274446
10.005659,12.120360,155.271411
10.005584,12.091193,155.272486
10.005638,12.104809,155.275872
10.005513,12.111985,155.269522
10.005513,12.084927,155.273982
