Normal,Record,Replay
3.002117,5.101525,155.274499
3.006018,5.118323,156.274694
3.006240,5.124141,156.275055
3.005781,5.116730,155.275009
3.005859,5.123188,156.277084
3.005983,5.096061,156.273224
3.006041,5.116770,156.276208
3.006068,5.115728,156.276146
3.005755,5.101346,156.275117
3.005717,5.098902,155.275055
