Normal,Record,Replay
0.001156,2.068658,3.068408
0.001018,2.106973,3.072570
0.001132,2.112386,3.071805
0.001055,2.100374,3.071986
0.001019,2.073618,3.083667
0.001062,2.074463,3.071401
0.001075,2.110788,3.073111
0.001074,2.111154,3.070970
0.000960,2.101999,3.070852
0.000906,2.113303,3.070909
